<?xml version="1.0" encoding="UTF-8"?>
<project-private xmlns="http://www.netbeans.org/ns/project-private/1">
    <editor-bookmarks xmlns="http://www.netbeans.org/ns/editor-bookmarks/1"/>
    <open-files xmlns="http://www.netbeans.org/ns/projectui-open-files/1">
        <file>file:/C:/Users/Andrew/Desktop/ptwitt%20-%20production/EncryptionClientWeb/web/default.jsp</file>
        <file>file:/C:/Users/Andrew/Desktop/ptwitt%20-%20production/EncryptionClientWeb/web/desktop.jsp</file>
        <file>file:/C:/Users/Andrew/Desktop/ptwitt%20-%20production/EncryptionClientWeb/src/java/EncryptionServer/EncrpytClientWeb.java</file>
        <file>file:/C:/Users/Andrew/Desktop/ptwitt%20-%20production/EncryptionClientWeb/web/newUser.jsp</file>
        <file>file:/C:/Users/Andrew/Desktop/ptwitt%20-%20production/EncryptionClientWeb/web/viewTag.jsp</file>
        <file>file:/C:/Users/Andrew/Desktop/ptwitt%20-%20production/EncryptionClientWeb/web/newTweet.jsp</file>
        <file>file:/C:/Users/Andrew/Desktop/ptwitt%20-%20production/EncryptionClientWeb/web/user_profile.jsp</file>
        <file>file:/C:/Users/Andrew/Desktop/ptwitt%20-%20production/EncryptionClientWeb/web/finalize.jsp</file>
        <file>file:/C:/Users/Andrew/Desktop/ptwitt%20-%20production/EncryptionClientWeb/web/approve.jsp</file>
    </open-files>
</project-private>
